Dewey,trick@entenhaus.en
Jin,jin@sakai.tsu.jp
Huey,huey@duckburg.edu
Dewey,trick@entenhaus.en
Jin,jin@sakai.tsu.jp
Huey,huey@duckburg.edu
Richard Stallman,rms@stallman.org
Michael Dienert,dt.wara.de
Dewey,trick@entenhaus.en
Jin,jin@sakai.tsu.jp
Huey,huey@duckburg.edu
Dewey,trick@entenhaus.en
Jin,jin@sakai.tsu.jp
Huey,huey@duckburg.edu
Richard Stallman,rms@stallman.org
Michael Dienert,dt.wara.de
Dewey,trick@entenhaus.en
Jin,jin@sakai.tsu.jp
Huey,huey@duckburg.edu
Dewey,trick@entenhaus.en
Jin,jin@sakai.tsu.jp
Huey,huey@duckburg.edu
Richard Stallman,rms@stallman.org
Michael Dienert,dt.wara.de
Dewey,trick@entenhaus.en
Jin,jin@sakai.tsu.jp
Huey,huey@duckburg.edu
Dewey,trick@entenhaus.en
Jin,jin@sakai.tsu.jp
Huey,huey@duckburg.edu
Richard Stallman,rms@stallman.org
Michael Dienert,dt.wara.de
Dewey,trick@entenhaus.en
Jin,jin@sakai.tsu.jp
Huey,huey@duckburg.edu
Dewey,trick@entenhaus.en
Jin,jin@sakai.tsu.jp
Huey,huey@duckburg.edu
Richard Stallman,rms@stallman.org
Michael Dienert,dt.wara.de
Dewey,trick@entenhaus.en
Jin,jin@sakai.tsu.jp
Huey,huey@duckburg.edu
Dewey,trick@entenhaus.en
Jin,jin@sakai.tsu.jp
Huey,huey@duckburg.edu
Richard Stallman,rms@stallman.org
Michael Dienert,dt.wara.de
Dewey,trick@entenhaus.en
Jin,jin@sakai.tsu.jp
Huey,huey@duckburg.edu
Dewey,trick@entenhaus.en
Jin,jin@sakai.tsu.jp
Huey,huey@duckburg.edu
Richard Stallman,rms@stallman.org
Michael Dienert,dt.wara.de
Dewey,trick@entenhaus.en
Jin,jin@sakai.tsu.jp
Huey,huey@duckburg.edu
Dewey,trick@entenhaus.en
Jin,jin@sakai.tsu.jp
Huey,huey@duckburg.edu
Richard Stallman,rms@stallman.org
Michael Dienert,dt.wara.de
Dewey,trick@entenhaus.en
Jin,jin@sakai.tsu.jp
Huey,huey@duckburg.edu
Dewey,trick@entenhaus.en
Jin,jin@sakai.tsu.jp
Huey,huey@duckburg.edu
Richard Stallman,rms@stallman.org
Michael Dienert,dt.wara.de
Dewey,trick@entenhaus.en
Jin,jin@sakai.tsu.jp
Huey,huey@duckburg.edu
Dewey,trick@entenhaus.en
Jin,jin@sakai.tsu.jp
Huey,huey@duckburg.edu
Richard Stallman,rms@stallman.org
Michael Dienert,dt.wara.de
Dewey,trick@entenhaus.en
Jin,jin@sakai.tsu.jp
Huey,huey@duckburg.edu
Dewey,trick@entenhaus.en
Jin,jin@sakai.tsu.jp
Huey,huey@duckburg.edu
Richard Stallman,rms@stallman.org
Michael Dienert,dt.wara.de
Dewey,trick@entenhaus.en
Jin,jin@sakai.tsu.jp
Huey,huey@duckburg.edu
Dewey,trick@entenhaus.en
Jin,jin@sakai.tsu.jp
Huey,huey@duckburg.edu
Richard Stallman,rms@stallman.org
Michael Dienert,dt.wara.de
Dewey,trick@entenhaus.en
Jin,jin@sakai.tsu.jp
Huey,huey@duckburg.edu
Dewey,trick@entenhaus.en
Jin,jin@sakai.tsu.jp
Huey,huey@duckburg.edu
Richard Stallman,rms@stallman.org
Michael Dienert,dt.wara.de
Dewey,trick@entenhaus.en
Jin,jin@sakai.tsu.jp
Huey,huey@duckburg.edu
Dewey,trick@entenhaus.en
Jin,jin@sakai.tsu.jp
Huey,huey@duckburg.edu
Richard Stallman,rms@stallman.org
Michael Dienert,dt.wara.de
Dewey,trick@entenhaus.en
Jin,jin@sakai.tsu.jp
Huey,huey@duckburg.edu
Dewey,trick@entenhaus.en
Jin,jin@sakai.tsu.jp
Huey,huey@duckburg.edu
Richard Stallman,rms@stallman.org
Michael Dienert,dt.wara.de
Dewey,trick@entenhaus.en
Jin,jin@sakai.tsu.jp
Huey,huey@duckburg.edu
Dewey,trick@entenhaus.en
Jin,jin@sakai.tsu.jp
Huey,huey@duckburg.edu
Richard Stallman,rms@stallman.org
Michael Dienert,dt.wara.de
Dewey,trick@entenhaus.en
Jin,jin@sakai.tsu.jp
Huey,huey@duckburg.edu
Dewey,trick@entenhaus.en
Jin,jin@sakai.tsu.jp
Huey,huey@duckburg.edu
Richard Stallman,rms@stallman.org
Michael Dienert,dt.wara.de
Dewey,trick@entenhaus.en
Jin,jin@sakai.tsu.jp
Huey,huey@duckburg.edu
Dewey,trick@entenhaus.en
Jin,jin@sakai.tsu.jp
Huey,huey@duckburg.edu
Richard Stallman,rms@stallman.org
Michael Dienert,dt.wara.de
Dewey,trick@entenhaus.en
Jin,jin@sakai.tsu.jp
Huey,huey@duckburg.edu
Dewey,trick@entenhaus.en
Jin,jin@sakai.tsu.jp
Huey,huey@duckburg.edu
Richard Stallman,rms@stallman.org
Michael Dienert,dt.wara.de
Dewey,trick@entenhaus.en
Jin,jin@sakai.tsu.jp
Huey,huey@duckburg.edu
Dewey,trick@entenhaus.en
Jin,jin@sakai.tsu.jp
Huey,huey@duckburg.edu
Richard Stallman,rms@stallman.org
Michael Dienert,dt.wara.de
Dewey,trick@entenhaus.en
Jin,jin@sakai.tsu.jp
Huey,huey@duckburg.edu
Dewey,trick@entenhaus.en
Jin,jin@sakai.tsu.jp
Huey,huey@duckburg.edu
Richard Stallman,rms@stallman.org
Michael Dienert,dt.wara.de
Dewey,trick@entenhaus.en
Jin,jin@sakai.tsu.jp
Huey,huey@duckburg.edu
Dewey,trick@entenhaus.en
Jin,jin@sakai.tsu.jp
Huey,huey@duckburg.edu
Richard Stallman,rms@stallman.org
Michael Dienert,dt.wara.de